DATE,LV,LG,SV,SG
1/2/20,2050.79,2517.44,1955.12,2218.42
1/3/20,2035.21,2502.53,1948.33,2214.41
1/6/20,2037.49,2517.99,1946.46,2223.6
1/7/20,2029,2515.96,1939.8,2221.47
1/8/20,2034.1,2535.1,1942.71,2229.83
1/9/20,2042.17,2558.59,1943.86,2242.19
1/10/20,2035.03,2553.44,1936.73,2236.38
1/13/20,2043.36,2579.6,1953.64,2253.67
1/14/20,2046.24,2569.22,1958.49,2261.48
1/15/20,2048.57,2575.84,1962.43,2268.13
1/16/20,2062.33,2601.53,1984.87,2294.28
1/17/20,2066.03,2615.99,1981.29,2288.39
1/21/20,2056.58,2616.11,1965.76,2280.73
1/22/20,2058.23,2617.22,1963.56,2279.72
1/23/20,2057.21,2624.5,1967.79,2277.92
1/24/20,2038.19,2601.49,1944.35,2253.05
1/27/20,2009.99,2556.31,1918.47,2225.91
1/28/20,2023.09,2590.72,1933.51,2252.09
1/29/20,2014.69,2597.03,1926.58,2246.65
1/30/20,2023.49,2603.89,1927.73,2243.27
1/31/20,1987.15,2560.56,1889.92,2199.89
2/3/20,1993.8,2593.12,1906.59,2222.35
2/4/20,2016.76,2643.69,1926.54,2267.96
2/5/20,2052.16,2649.32,1960.66,2277.25
2/6/20,2052.21,2666.89,1950.76,2275.67
2/7/20,2040.39,2655.13,1930.03,2254.95
2/10/20,2046.25,2686.84,1937.15,2274.93
2/11/20,2054.09,2686.7,1952.73,2285.49
2/12/20,2062.28,2709.36,1964.1,2305.96
2/13/20,2055.61,2710.95,1965.98,2313.87
2/14/20,2053,2724.94,1961.14,2319.06
2/18/20,2041.83,2726.12,1954.05,2315.74
2/19/20,2047.59,2744.91,1956.53,2332.51
2/20/20,2045.63,2727.8,1963.7,2335.18
2/21/20,2037.08,2683,1946.33,2303.42
2/24/20,1974.68,2585.9,1890.3,2233.26
2/25/20,1912.33,2510.59,1824.04,2160.74
2/26/20,1895.84,2510.2,1792.27,2140.02
2/27/20,1816.2,2393.89,1724.86,2064.48
2/28/20,1787.22,2391.83,1693.96,2048.06
3/2/20,1864.97,2505.14,1748.13,2100.09
3/3/20,1814.75,2434.43,1708.12,2053.24
3/4/20,1892.99,2532.84,1762.5,2120.51
3/5/20,1829.48,2448.31,1690.55,2058.98
3/6/20,1800.19,2402.41,1658.25,2012.58
3/9/20,1656.95,2225.22,1499.87,1835.62
3/10/20,1727.27,2347.65,1556.04,1903.75
3/11/20,1639.73,2236,1452.35,1786.26
3/12/20,1476.03,2033.27,1289.33,1608.66
3/13/20,1612,2216.75,1395.57,1725.79
3/16/20,1430.48,1933.75,1201.61,1478.89
3/17/20,1520.15,2040.38,1256.69,1559.26
3/18/20,1430.82,1942.6,1119.81,1430.75
3/19/20,1424,1976.83,1175.29,1503.81
3/20/20,1358.6,1899.44,1119.31,1458.09
3/23/20,1298.48,1872.14,1078.94,1442.07
3/24/20,1424.11,2043.78,1189.58,1580.32
3/25/20,1452.77,2053.92,1232.75,1609.18
3/26/20,1550.17,2172.76,1309.97,1703.57
3/27/20,1502.53,2095.72,1262.6,1649.26
3/30/20,1550.1,2167.17,1281.8,1688.42
3/31/20,1520.63,2138.27,1267.11,1670.42
4/1/20,1454.42,2041.19,1186.57,1575.03
4/2/20,1493.06,2078.38,1195.72,1591.1
4/3/20,1469.06,2047.91,1157.59,1553.97
4/6/20,1559.79,2208.2,1253.95,1677.79
4/7/20,1563.08,2198.92,1270.17,1677.11
4/8/20,1624.42,2264.91,1333.71,1752.84
4/9/20,1658.77,2286.23,1393.75,1802.07
4/13/20,1628.07,2282.57,1347.23,1765.5
4/14/20,1664.51,2369.91,1368.02,1819.19
4/15/20,1617.59,2333.06,1304.29,1768.5
4/16/20,1616.6,2360.35,1290.35,1774.76
4/17/20,1674.14,2406.09,1351.26,1838.08
4/20/20,1640.63,2369.61,1319.33,1828.5
4/21/20,1595.55,2288.82,1287.34,1769.14
4/22/20,1620.2,2357.85,1297.82,1810.41
4/23/20,1621.7,2353.74,1311.49,1825.75
4/24/20,1641.89,2389.39,1329.12,1856.62
4/27/20,1676.05,2414.9,1387.11,1916.01
4/28/20,1682.06,2381.89,1415.22,1915.4
4/29/20,1715.23,2461.17,1479.72,1992.81
4/30/20,1680.36,2460.71,1429.13,1944.6
5/1/20,1631.23,2392.23,1374.44,1881.79
5/4/20,1627.79,2417.61,1371.54,1898.1
5/5/20,1636.81,2448.14,1374.96,1931.69
5/6/20,1610.76,2451.16,1350,1946.47
5/7/20,1622.72,2491.19,1374.28,1982.01
5/8/20,1659.65,2522.11,1429.15,2029.65
5/11/20,1648.59,2537.57,1401.81,2045.49
5/12/20,1614.9,2486.02,1347.87,1988.15
5/13/20,1579.06,2451.12,1294.37,1933.15
5/14/20,1603.27,2472.3,1310.57,1946
5/15/20,1601.71,2492.21,1318.93,1974.78
5/18/20,1664.51,2553.4,1412.59,2056.06
5/19/20,1636.12,2542.07,1386.49,2037
5/20/20,1660.99,2587.67,1424.21,2079.04
5/21/20,1650.08,2565.52,1429.85,2076.31
5/22/20,1649.69,2578.26,1431.9,2092.4
5/26/20,1690.36,2583.72,1493.08,2117.38
5/27/20,1729.84,2603.01,1545.66,2146.86
5/28/20,1719.81,2606.01,1509.93,2130.02
5/29/20,1721.64,2629.51,1493.82,2153.01
6/1/20,1724.85,2646.41,1514.67,2175.11
6/2/20,1741.86,2665.06,1530.03,2190.49
6/3/20,1775.83,2688.62,1586.22,2222.09
6/4/20,1783.74,2660.16,1602.54,2195
6/5/20,1835.42,2721.33,1663.27,2244.71
6/8/20,1867.97,2743.26,1709.41,2277.44
6/9/20,1833.02,2746.1,1664.43,2241.86
6/10/20,1798.36,2765.55,1603.59,2224.45
6/11/20,1680.48,2618.05,1479.27,2088.83
6/12/20,1706.11,2646.41,1516.87,2126.19
6/15/20,1718.84,2673.08,1537.71,2175.64
6/16/20,1751.13,2723.46,1573.47,2214.08
6/17/20,1732.99,2729.95,1544.35,2201.67
6/18/20,1733.19,2734.43,1540.5,2205.08
6/19/20,1719.79,2724.39,1523.97,2206.16
6/22/20,1717.74,2758.91,1527.43,2227.09
6/23/20,1719.57,2776.75,1530.15,2233.72
6/24/20,1670.79,2710.2,1473.25,2167.78
6/25/20,1689.82,2740.64,1494.54,2198.07
6/26/20,1652.5,2670.66,1457.35,2156.79
6/29/20,1680.03,2703.47,1503.26,2181.33
6/30/20,1701,2753.42,1521.51,2216.21
7/1/20,1697.91,2785.82,1502.24,2229.28
7/2/20,1705.48,2799.2,1508.98,2237.08
7/6/20,1722.77,2859.64,1521.28,2257.84
7/7/20,1701.1,2835.48,1487.15,2232.1
7/8/20,1705.67,2871.53,1494.72,2261.55
7/9/20,1676.34,2883.03,1458.6,2255.87
7/10/20,1707.42,2897.59,1492.89,2254.51
7/13/20,1711.64,2837.9,1484.04,2196.19
7/14/20,1737.48,2872.06,1506.39,2228.71
7/15/20,1760.32,2889.19,1559.26,2285.99
7/16/20,1762.77,2867.2,1553.78,2268.09
7/17/20,1767.04,2878.27,1551.97,2292.68
7/20/20,1752.57,2946.77,1534.91,2318
7/21/20,1772.42,2925.85,1565.26,2315.25
7/22/20,1782.09,2943.05,1575.69,2326.76
7/23/20,1780.46,2877.88,1579.75,2314.87
7/24/20,1763.14,2865.08,1562.3,2287.89
7/27/20,1763.95,2905.86,1570.46,2323.77
7/28/20,1762.71,2872.96,1560.95,2294.57
7/29/20,1781.23,2914.61,1598.57,2340.21
7/30/20,1764.48,2917.69,1580.64,2350.76
7/31/20,1758.25,2962.36,1570,2343.22
8/3/20,1763.86,2995.6,1586.79,2381.04
8/4/20,1771.99,3003.74,1593.91,2392.72
8/5/20,1784.56,3022.39,1620.58,2416.23
8/6/20,1783.95,3054.94,1618.93,2407.19
8/7/20,1803.76,3028.04,1648.19,2398.61
8/10/20,1821.1,3016.1,1670.41,2380.35
8/11/20,1819.88,2972.9,1672.08,2358.7
8/12/20,1833.65,3032.72,1675.66,2380.75
8/13/20,1818.87,3044.86,1662.11,2396.51
8/14/20,1822.33,3039.01,1665.88,2382.61
8/17/20,1816.64,3067.99,1663.04,2408.63
8/18/20,1810.09,3091.55,1643.42,2401.1
8/19/20,1804.04,3073.86,1639.44,2395.13
8/20/20,1794.99,3107.64,1626.88,2393.61
8/21/20,1795.94,3124.24,1619.22,2384.62
8/24/20,1820.94,3142.83,1651.19,2391.81
8/25/20,1819.15,3165.5,1648.27,2403.5
8/26/20,1814.55,3231.64,1636.52,2411.27
8/27/20,1828.82,3224.72,1650.55,2411.24
8/28/20,1842.53,3244.82,1662.64,2426.85
8/31/20,1828.03,3260.07,1639.41,2423.29
9/1/20,1826.27,3307.58,1654.47,2453.26
9/2/20,1859.08,3345.07,1674.85,2475.29
9/3/20,1823.76,3183.8,1636.05,2371.38
9/4/20,1824.42,3135.57,1638.26,2335.76
9/8/20,1791.77,3016.58,1599.89,2290.51
9/9/20,1812.8,3100.72,1617.37,2330.79
9/10/20,1786.26,3042.71,1595.23,2301.85
9/11/20,1798.1,3029.24,1594.05,2286.51
9/14/20,1818.95,3078.03,1625.31,2353.47
9/15/20,1815.57,3115.41,1621.56,2373.01
9/16/20,1825.46,3077.42,1634.6,2376.27
9/17/20,1818.38,3037.71,1628.88,2360.86
9/18/20,1805.76,3000.35,1611.65,2350.41
9/21/20,1765.67,2997.79,1556.47,2323.77
9/22/20,1767.49,3049.89,1562.7,2354.96
9/23/20,1732.95,2964.18,1524.04,2303.24
9/24/20,1736.27,2973.74,1527.28,2291.13
9/25/20,1755.13,3037.75,1545.57,2338.01
9/28/20,1781.55,3089.7,1583.48,2380.15
9/29/20,1767.46,3083.25,1566.92,2379.23
9/30/20,1784.01,3106.36,1574.61,2384.97
10/1/20,1783.1,3143.72,1593.38,2422.82
10/2/20,1785.48,3084.69,1617.77,2408.89
10/5/20,1812.76,3146.07,1654.01,2466.47
10/6/20,1795.65,3091.55,1646.45,2463.46
10/7/20,1825.63,3146.82,1675.59,2515.36
10/8/20,1845.67,3163.06,1702.93,2533.74
10/9/20,1848.9,3209.07,1702.46,2563.11
10/12/20,1862.03,3282.9,1713.42,2577.36
10/13/20,1844.62,3277.2,1690.67,2576.62
10/14/20,1835.59,3251.35,1686.24,2559.26
10/15/20,1840.02,3235.41,1705.37,2564.63
10/16/20,1846.09,3226.65,1700.32,2556.73
10/19/20,1819.66,3171.22,1679.89,2529.61
10/20/20,1825.76,3184.58,1691.74,2528.27
10/21/20,1818.33,3180.8,1682.17,2502.17
10/22/20,1842,3177.55,1712.46,2534.9
10/23/20,1844.2,3194.25,1724.15,2549.7
10/26/20,1808.15,3138.06,1683.23,2503.58
10/27/20,1783.85,3156.83,1656.97,2492.77
10/28/20,1731.42,3034.14,1609.23,2423.76
10/29/20,1743.8,3078.31,1630.02,2443.67
10/30/20,1743.72,3004.22,1620.5,2405.3
11/2/20,1778.51,3020.91,1660.74,2424.04
11/3/20,1809.62,3078.03,1699.16,2486.14
11/4/20,1815.4,3198.46,1679.93,2553.54
11/5/20,1844.47,3271.61,1723.01,2614.42
11/6/20,1839.36,3280.49,1705.21,2612.29
11/9/20,1911.93,3230.52,1800.65,2607.56
11/10/20,1938.79,3180.59,1835.96,2602.64
11/11/20,1931.5,3240.14,1820.32,2637.02
11/12/20,1906.84,3219.03,1786.38,2610.5
11/13/20,1941.19,3246.12,1834.96,2644.07
11/16/20,1973.95,3267.58,1887.09,2668.52
11/17/20,1963.91,3260.78,1892.29,2680.64
11/18/20,1941.41,3231.87,1868.88,2650.76
11/19/20,1943.84,3256.78,1881.64,2685.22
11/20/20,1934.37,3232.63,1877.19,2692.36
11/23/20,1958.25,3238.4,1919.3,2718.08
11/24/20,1999.51,3275.45,1969.07,2724.08
11/25/20,1986.76,3292.21,1951.68,2726.94
11/27/20,1985.07,3314.22,1947.85,2758.88
11/30/20,1962.88,3317.98,1903.43,2743.49
12/1/20,1981.72,3354.51,1929.5,2755.4
12/2/20,1994.69,3344.96,1935.67,2741.02
12/3/20,1996.96,3343.62,1951.71,2758.93
12/4/20,2022.06,3363.13,1993.92,2803.9
12/7/20,2009.33,3376.13,1980.43,2809.32
12/8/20,2017.58,3384.51,1991.36,2844.61
12/9/20,2018.56,3324.06,1991.43,2807.23
12/10/20,2011.5,3334.47,2002.25,2842.51
12/11/20,2007.59,3330.85,1989.94,2842.31
12/14/20,1984.12,3342,1974.53,2857.32
12/15/20,2011.31,3379.45,2018.79,2906.22
12/16/20,2007.45,3396.78,2009.6,2904.62
12/17/20,2016.82,3427.69,2023.16,2950.75
12/18/20,2006.3,3427.71,2006.5,2963.59
12/21/20,1996.54,3419.74,1998.28,2974.61
12/22/20,1981.86,3432.37,1997.22,3020.98
12/23/20,1997.09,3410.95,2024.19,3023.03
12/24/20,2000.66,3425.17,2025.29,3018.98
12/28/20,2007.66,3457.19,2026.14,2989.44
12/29/20,2003.96,3448.09,2003.72,2946.37
12/30/20,2011.31,3446.45,2023.56,2974.63
12/31/20,2029.59,3456.4,2026.68,2969.34
1/4/21,2002.48,3403.15,1995.13,2916.43
1/5/21,2017.31,3427.26,2027.17,2955.07
1/6/21,2066.2,3390.08,2114.44,3008.61
1/7/21,2081.43,3468.07,2133.38,3090.18
1/8/21,2081.1,3504.09,2123.06,3103.79
1/11/21,2085.83,3457.25,2127.82,3103.99
1/12/21,2094.53,3452.29,2161.95,3141.62
1/13/21,2095.5,3464.97,2143.28,3127.6
1/14/21,2103.96,3428.95,2173.42,3163.22
1/15/21,2084.53,3411.1,2147.55,3122.68
1/19/21,2093.19,3449.5,2161.24,3171.34
1/20/21,2099.08,3529,2172.92,3194.95
1/21/21,2086.93,3545.81,2151.38,3183.63
1/22/21,2074.75,3543.75,2160.97,3202.73
1/25/21,2075.37,3565.48,2155.02,3186.99
1/26/21,2068.24,3560.4,2140.1,3152.3
1/27/21,2017.25,3462.78,2098.37,3058.89
1/28/21,2045.34,3491.88,2107.22,3093.19
1/29/21,2009.84,3423.82,2068.02,3036.64
2/1/21,2024.12,3504.48,2107.52,3108.17
2/2/21,2049.5,3562.25,2125.97,3166.48
2/3/21,2057.22,3556.5,2140.66,3162.89
2/4/21,2079.72,3596.87,2172.7,3214.44
2/5/21,2089.35,3613.55,2191.75,3254.83
2/8/21,2108.78,3634.03,2234.65,3308.65
2/9/21,2107.25,3632.37,2236.01,3326.59
2/10/21,2110.36,3628.17,2237.4,3308.77
2/11/21,2106.33,3646.28,2241.61,3333.44
2/12/21,2116.05,3664.34,2248.89,3352.43
2/16/21,2119.96,3652.95,2251.55,3311.4
2/17/21,2126.69,3637.31,2242.07,3282.15
2/18/21,2115.68,3624.94,2212.18,3236.15
2/19/21,2122.58,3606.18,2255.34,3289.16
2/22/21,2136.28,3525.46,2270.29,3209.95
2/23/21,2144.16,3520.17,2275.49,3179.53
2/24/21,2172.57,3546.93,2321.42,3238.73
2/25/21,2134.9,3434.21,2255.68,3110.27
2/26/21,2106.74,3448.14,2245.52,3130.8
3/1/21,2151.26,3539.72,2308.24,3224.37
3/2/21,2146.89,3490.4,2284.47,3152.01
3/3/21,2145.97,3395.91,2288.51,3063.32
3/4/21,2124.08,3335.02,2250.08,2957.35
3/5/21,2172.19,3384.88,2310.07,2992.93
3/8/21,2196.75,3310.43,2344.45,2943.77
3/9/21,2189.24,3421.81,2342.36,3028.47
3/10/21,2218.22,3419.31,2382.21,3045.81
3/11/21,2217.35,3495.84,2410.02,3143.68
3/12/21,2236.15,3475.47,2436.75,3143.95
3/15/21,2242.65,3509.67,2455.41,3187.63
3/16/21,2228.13,3517.9,2417.95,3140.58
3/17/21,2236.14,3525.36,2435.84,3150.43
3/18/21,2227.07,3432.07,2397.18,3044.91
3/19/21,2219.17,3443.39,2398.81,3076.68
3/22/21,2220.3,3488.77,2371.61,3090.07
3/23/21,2193.88,3474.2,2296.05,3014.11
3/24/21,2195.02,3427.3,2275.41,2941.67
3/25/21,2220.06,3423.84,2328.68,2977.64
3/26/21,2256.69,3478.77,2374.2,3027.39
3/29/21,2252.53,3473.45,2329.9,2959.16
3/30/21,2251.05,3456.16,2362.45,2993.19
3/31/21,2238.9,3503.04,2358.48,3041.71
4/1/21,2252.91,3563.83,2389.63,3100.59
4/5/21,2270.4,3629.97,2401.18,3115.31
4/6/21,2268.16,3632.62,2399.74,3125.82
4/7/21,2266.63,3642.19,2383.78,3078.22
4/8/21,2262.37,3681.97,2387.45,3114.13
4/9/21,2276.12,3712.95,2396.62,3116.21
4/12/21,2276.69,3711.19,2403.32,3108.67
4/13/21,2269.63,3749.91,2386.4,3134.23
4/14/21,2277.68,3708.1,2408.14,3131.97
4/15/21,2290.68,3768.79,2417.2,3162.16
4/16/21,2304.28,3770.15,2431.44,3166.3
4/19/21,2297.66,3738.3,2418.63,3117.64
4/20/21,2281.67,3711.98,2372.59,3081.2
4/21/21,2305.59,3742.79,2418.04,3142.21
4/22/21,2285.67,3710.01,2404.67,3143.26
4/23/21,2303.41,3762.82,2445.43,3192.03
4/26/21,2300.12,3783.37,2459.65,3241.04
4/27/21,2305.44,3774.35,2471.06,3232.48
4/28/21,2307.59,3764.42,2475.22,3227.36
4/29/21,2328.35,3775.64,2485.33,3200.51
4/30/21,2314.2,3745.48,2455.1,3158.7
5/3/21,2337.33,3727.02,2478.65,3138.72
5/4/21,2342.5,3667.16,2477.71,3080.38
5/5/21,2354.46,3649.11,2482.77,3060.09
5/6/21,2375.42,3665.9,2499.59,3032.9
5/7/21,2392.45,3695.78,2527.23,3072.46
5/10/21,2394.82,3616.69,2499.67,2991.3
5/11/21,2362.79,3608.25,2474.34,2988.54
5/12/21,2324.85,3510.24,2400.91,2892.51
5/13/21,2357.31,3540.33,2447.7,2908.3
5/14/21,2383.6,3610.29,2495.8,2983.44
5/17/21,2383.84,3591.02,2504.4,2966.38
5/18/21,2361.36,3568.45,2474.51,2965.11
5/19/21,2347.29,3568.71,2448.01,2953.41
5/20/21,2358.25,3631.18,2449.21,2999.26
5/21/21,2366.42,3614.62,2459.23,2996.67
5/24/21,2375.77,3671.66,2469.72,3023.27
5/25/21,2360.59,3678.65,2444.09,3017.68
5/26/21,2365.36,3687.99,2479.72,3050.78
5/27/21,2375.3,3682.57,2506.55,3068.19
5/28/21,2375.8,3688.17,2503.9,3070.45
6/1/21,2380.67,3676.84,2539.11,3071.58
6/2/21,2384.19,3681.58,2545.95,3065.62
6/3/21,2389.59,3644.79,2530.49,3036.67
6/4/21,2397.18,3697.39,2532.35,3063.59
6/7/21,2392.64,3703.99,2545.44,3094.68
6/8/21,2389.5,3708.6,2570.98,3131.18
6/9/21,2381.1,3706.97,2547.93,3115.42
6/10/21,2380.13,3744.15,2527.68,3134.53
6/11/21,2382.01,3757.79,2550.52,3158.15
6/14/21,2368.95,3790,2522.76,3164.68
6/15/21,2372.14,3766.89,2527.73,3134.83
6/16/21,2355.72,3752.72,2516.05,3127.69
6/17/21,2325.84,3799.32,2459.7,3135.68
6/18/21,2281.74,3773.38,2404.19,3104.3
6/21/21,2324.72,3805.63,2464.63,3153.2
6/22/21,2326.15,3844.31,2464.64,3169.67
6/23/21,2318.95,3848.8,2465.87,3182.69
6/24/21,2335.18,3868.99,2492.33,3209.05
6/25/21,2349.78,3871.02,2510.59,3230.75
6/28/21,2339.64,3905.42,2475.64,3235.68
6/29/21,2333.33,3916.7,2464.49,3232.43
6/30/21,2343.29,3907.49,2476.38,3214.91
7/1/21,2358.92,3917.84,2498.17,3229.38
7/2/21,2364.58,3961.72,2486.37,3220.03
7/6/21,2340.59,3984.47,2444.34,3211.12
7/7/21,2348.19,3993.24,2438.2,3188.06
7/8/21,2324.13,3964.28,2406.81,3159.35
7/9/21,2359.49,3997.62,2468.33,3208.38
7/12/21,2367.99,4006.24,2477.99,3199.06
7/13/21,2351.77,3999.2,2432.9,3154.69
7/14/21,2349.09,4003.24,2415.97,3100.5
7/15/21,2349.51,3980.73,2408.11,3077.19
7/16/21,2332.19,3955.08,2371.2,3059.79
7/19/21,2289.63,3907.31,2317.98,3036.85
7/20/21,2326.33,3967.56,2384.59,3117.33
7/21/21,2349.29,3994.84,2422.99,3160.15
7/22/21,2340.66,4023.16,2390.46,3143.23
7/23/21,2351.71,4084.64,2406.49,3163.11
7/26/21,2359.83,4087.95,2421.57,3151.81
7/27/21,2361.43,4048.78,2407.71,3119.64
7/28/21,2356.28,4059.99,2422.19,3163.61
7/29/21,2373.35,4063.74,2445.25,3179.6
7/30/21,2362.35,4035.07,2433.69,3176.46
8/2/21,2359.77,4028.11,2419.83,3170.05
8/3/21,2385.1,4049.59,2439.81,3172.05
8/4/21,2359.07,4056,2403.13,3167.19
8/5/21,2369.49,4086.76,2437.3,3196.97
8/6/21,2384.83,4072.4,2454.6,3186.14
8/9/21,2382.16,4072.71,2442.08,3181.22
8/10/21,2400.79,4049.14,2466.08,3155.75
8/11/21,2415.7,4043.62,2492.58,3155.07
8/12/21,2416.79,4065.21,2487.01,3154.99
8/13/21,2416.73,4076.3,2475.92,3139.51
8/16/21,2421.99,4082.07,2460.72,3115.83
8/17/21,2411.32,4046.45,2427.99,3083.02
8/18/21,2381.83,4009.92,2403.84,3062.82
8/19/21,2374.03,4025.78,2374.83,3042.2
8/20/21,2386.25,4068.66,2403.63,3085.62
8/23/21,2397.25,4118.16,2432.09,3135.11
8/24/21,2403.04,4126.98,2456.67,3168
8/25/21,2412.41,4131.17,2472.12,3183.32
8/26/21,2398.07,4107.5,2445.94,3158.54
8/27/21,2416.11,4147.24,2498.36,3228.54
8/30/21,2409.1,4188.77,2480.93,3238.21
8/31/21,2407.34,4179.15,2480.04,3234.03
9/1/21,2400.79,4191.91,2484.13,3263.88
9/2/21,2417.82,4189.69,2500.59,3295.38
9/3/21,2408.2,4202.65,2487.31,3296.6
9/7/21,2383.96,4208.53,2464.65,3268.72
9/8/21,2382.11,4197.66,2448.86,3241.88
9/9/21,2369.77,4183.9,2443.92,3237.1
9/10/21,2354.23,4148.61,2417.64,3212.02
9/13/21,2369.76,4140.18,2441.07,3210.18
9/14/21,2342.66,4134.52,2407.47,3189.91
9/15/21,2366.02,4163.89,2439.31,3215.32
9/16/21,2356.44,4170.37,2431.67,3226.65
9/17/21,2341.15,4128.02,2419.32,3228.08
9/20/21,2306.33,4048.56,2373.51,3166.56
9/21/21,2299.68,4057.11,2365.47,3178.73
9/22/21,2318.87,4098.79,2399.79,3218.43
9/23/21,2350.55,4141.01,2444.42,3259.82
9/24/21,2352.57,4146.19,2444.98,3237.76
9/27/21,2362.3,4107.32,2484.7,3236.89
9/28/21,2336.16,3986.44,2452.07,3147.45
9/29/21,2345.33,3981.23,2456.01,3132.27
9/30/21,2307.16,3956.85,2412.22,3109.44
10/1/21,2333.56,4000.78,2458.14,3143.07
10/4/21,2324.62,3912,2453.23,3082.03
10/5/21,2343.63,3962.64,2461.76,3098.37
10/6/21,2347.57,3991.33,2451.23,3099.04
10/7/21,2365.22,4030.75,2481.55,3146.79
10/8/21,2367.32,4011.46,2476.28,3112.7
10/11/21,2349.65,3985.06,2463.88,3095.61
10/12/21,2342.97,3983.73,2472.7,3120.49
10/13/21,2344.58,4012.08,2474.13,3147.17
10/14/21,2381.65,4083.39,2511.1,3203.82
10/15/21,2398.85,4113.27,2512.54,3193.88
10/18/21,2390.29,4153.21,2517.04,3201.73
10/19/21,2410.53,4180.47,2518.64,3226.61
10/20/21,2435.46,4172.46,2543.69,3233.69
10/21/21,2430.13,4206.03,2543.58,3258.91
10/22/21,2439.26,4177.36,2549.9,3249.94
10/25/21,2441.25,4211.07,2563.64,3274.92
10/26/21,2444.05,4219.58,2544.21,3254.34
10/27/21,2410.71,4220.1,2492.93,3204.65
10/28/21,2432.92,4264.3,2529.63,3270.95
10/29/21,2429.53,4284.27,2519.73,3276.44
11/1/21,2438.53,4286.39,2573.99,3346.34
11/2/21,2448.84,4298.35,2578.88,3335.42
11/3/21,2461.7,4329.54,2617.32,3365.96
11/4/21,2451.41,4375.95,2601.56,3367.25
11/5/21,2464.49,4382.33,2642.14,3371.85
11/8/21,2468.53,4388.99,2642.1,3388.67
11/9/21,2467.63,4366.92,2635.74,3381.33
11/10/21,2462.49,4301.77,2610.48,3312.16
11/11/21,2464.68,4304.45,2628.98,3331.78
11/12/21,2469.81,4358.24,2631.82,3347.84
11/15/21,2470.77,4356.34,2637.75,3327.73
11/16/21,2466.14,4397.27,2633.93,3346.65
11/17/21,2454.93,4388.09,2612.21,3308.6
11/18/21,2445,4420.79,2608.04,3273.4
11/19/21,2422.42,4438.08,2582.42,3256.1
11/22/21,2436.89,4376.73,2600.52,3206.05
11/23/21,2457.1,4355.64,2609.02,3177.7
11/24/21,2455.37,4381.16,2603.26,3200.09
11/26/21,2401.15,4287.21,2511.88,3122.7
11/29/21,2409.55,4371.6,2509.73,3135.51
11/30/21,2350.77,4302.63,2440.6,3076.21
12/1/21,2335.95,4219.8,2399.33,2998.09
12/2/21,2379.82,4267.8,2469.39,3062.62
12/3/21,2378.76,4195.13,2442.04,2992.63
12/6/21,2410.43,4236.37,2494.12,3038.41
12/7/21,2436.65,4360.66,2532.54,3129.33
12/8/21,2434.32,4395.81,2541.14,3162.14
12/9/21,2429.04,4337.26,2507.7,3083.79
12/10/21,2449.08,4374.79,2511.5,3064.29
12/13/21,2438.58,4317.79,2474.32,3045.85
12/14/21,2437.74,4259.08,2464.07,3008.05
12/15/21,2462.94,4348.55,2484.91,3060.38
12/16/21,2480.37,4249.1,2468.39,2984
12/17/21,2443.13,4233.58,2458.56,3027.12
12/20/21,2417.78,4180.9,2410.68,2982.26
12/21/21,2445.59,4282.7,2480.84,3070.36
12/22/21,2460.24,4338.1,2502.7,3093.23
12/23/21,2474.12,4368.07,2521.64,3117.74
12/27/21,2499.97,4435.47,2551.26,3144.95
12/28/21,2505.29,4413.97,2552.89,3118.69
12/29/21,2510.48,4415.43,2560.51,3120.74
12/30/21,2506.94,4402.12,2552.89,3133.64
12/31/21,2507.78,4376.64,2555.25,3124.56
1/3/22,2518.25,4406.68,2574.36,3137.2
1/4/22,2546.85,4350.26,2606.87,3101.94
1/5/22,2531.58,4206.92,2558.07,2973.82
1/6/22,2534.73,4195.64,2578.27,2974.56
1/7/22,2545.18,4147.82,2571.32,2926.7
1/10/22,2542.93,4141.89,2557.57,2920.06
1/11/22,2561.02,4192.54,2582.07,2964.09
1/12/22,2560.88,4210.58,2578.35,2944.4
1/13/22,2554.24,4098.47,2581.79,2883.09
1/14/22,2551.26,4107.06,2583.38,2866.22
1/18/22,2516.12,4010.95,2532.53,2772.29
1/19/22,2494.13,3970.28,2494.31,2741.78
1/20/22,2472.59,3920.78,2447.47,2705.5
1/21/22,2444.56,3814.6,2405.95,2649.76
1/24/22,2444.74,3837.69,2440.54,2709.69
1/25/22,2443.03,3743.48,2422.33,2638.59
1/26/22,2432.25,3742.59,2399.34,2604.93
1/27/22,2427.37,3709.51,2365.95,2549.2
1/28/22,2457,3845.32,2398.23,2621.79
1/31/22,2478.11,3966.51,2440.37,2729.66
2/1/22,2495.24,3996.81,2468.86,2762.58
2/2/22,2517.24,4025.02,2468.74,2732.78
2/3/22,2494.16,3866.12,2434.87,2663.23
2/4/22,2490.47,3922,2434.56,2693.16
2/7/22,2495.01,3891.01,2438.68,2702.47
2/8/22,2512.75,3928.44,2478.22,2740.81
2/9/22,2535.22,4011.92,2514.86,2814.9
2/10/22,2498.35,3928.57,2483.42,2765.81
2/11/22,2475.38,3814.78,2464.65,2714.39
2/14/22,2454.46,3816.69,2446.27,2701.56
2/15/22,2478.63,3903.3,2500.02,2776.8
2/16/22,2483.41,3896.99,2513.83,2767.4
2/17/22,2449.39,3781.71,2467.71,2678.38
2/18/22,2439.24,3737.6,2457.68,2645.62
2/22/22,2422.33,3686.55,2423.56,2607.24
2/23/22,2393.35,3592.36,2386.56,2547.1
2/24/22,2386.31,3717.63,2407.61,2646.59
2/25/22,2458.05,3774.2,2477.07,2700.9
2/28/22,2444.22,3780.49,2478.63,2716.83
3/1/22,2406.65,3723.21,2423.51,2677.85
3/2/22,2456.8,3781.97,2491.88,2726.67
3/3/22,2462.28,3723.33,2479.9,2674.11
3/4/22,2461.58,3660.28,2444.49,2619.96
3/7/22,2411.64,3513.99,2365.89,2534.2
3/8/22,2388.56,3498.66,2372.04,2549.55
3/9/22,2423.61,3631.71,2428.15,2635.84
3/10/22,2422.22,3599.97,2434.48,2617.04
3/11/22,2404.85,3526.92,2414.94,2555.09
3/14/22,2407.39,3463.97,2399.05,2484.95
3/15/22,2435.01,3571.94,2425.97,2541.01
3/16/22,2463.39,3698.62,2482.39,2641.29
3/17/22,2494.41,3749.86,2508.19,2700.44
3/18/22,2500.37,3833.36,2519.5,2752.95
3/21/22,2508.71,3813.27,2515.04,2726.68
3/22/22,2521.49,3883.98,2530.44,2767.37
3/23/22,2497.94,3826.76,2495.18,2713.22
3/24/22,2521.8,3899.05,2517.4,2745.83
3/25/22,2547.14,3893.33,2543.69,2728.6
3/28/22,2544.21,3955.92,2536.67,2742
3/29/22,2559.57,4033.63,2583.63,2833.08
3/30/22,2556.27,3986.08,2547.36,2784.22
3/31/22,2517.7,3921.68,2513.7,2747.21
4/1/22,2528.08,3934.82,2528.16,2779.9
4/4/22,2521.89,4008.78,2519.47,2803.82
4/5/22,2506.53,3928.95,2475.41,2736.89
4/6/22,2516.87,3836.62,2453.7,2686.54
4/7/22,2529.59,3848.18,2446.89,2683.14
4/8/22,2546.14,3802.65,2451.62,2653.4
4/11/22,2523.53,3713.33,2443.54,2632.03
4/12/22,2518.14,3695.49,2446.59,2632.77
4/13/22,2530.01,3765.12,2486.91,2685.82
4/14/22,2521.04,3685.68,2478.59,2645.87
4/18/22,2518.93,3679.71,2475.93,2614.64
4/19/22,2545.87,3762.66,2524.6,2681.11
4/20/22,2566.89,3721.15,2545.95,2676.64
4/21/22,2539.96,3643.87,2498.5,2607.72
4/22/22,2472.99,3539.53,2433.71,2541.51
4/25/22,2473,3584.03,2438.42,2575.58
4/26/22,2430.1,3443.4,2374.45,2479.6
4/27/22,2433.23,3451.32,2374.8,2471.42
4/28/22,2468.08,3571.83,2419.09,2520.85
4/29/22,2395.26,3417.58,2352.13,2445.39
5/2/22,2395.17,3459.71,2361.54,2480.83
5/3/22,2415.55,3458.91,2397.35,2479.15
5/4/22,2479.96,3571.28,2462.45,2544.67
5/5/22,2424.52,3390.9,2383.8,2423.38
5/6/22,2423.78,3344.61,2357.37,2368.63
5/9/22,2367.81,3196.44,2279.11,2234.72
5/10/22,2359.47,3223.92,2261.45,2235.57
5/11/22,2348,3127.86,2227.27,2167.32
5/12/22,2349.64,3123.64,2242.12,2208.65
5/13/22,2381.41,3241.55,2295.86,2309.97
5/16/22,2388.56,3198.56,2294.88,2276.59
5/17/22,2426.73,3276.29,2363.73,2342.61
5/18/22,2344.67,3120.91,2279.55,2254.1
5/19/22,2324.16,3119.84,2269.08,2277.33
5/20/22,2329.28,3114.34,2259.22,2281.96
5/23/22,2370.3,3172.13,2291.4,2295.72
5/24/22,2378.6,3097.92,2269.62,2241.45
5/25/22,2395.4,3139.77,2315.44,2283.62
5/26/22,2427.76,3225.59,2366.17,2337.24
5/27/22,2466.64,3337.97,2414.75,2414.18
5/31/22,2445.25,3320.7,2391,2373.88
6/1/22,2426.56,3295.32,2377.56,2351.17
6/2/22,2446.61,3397.44,2418.33,2430.34
6/3/22,2426.58,3312.33,2397.91,2398.62
6/6/22,2431.28,3326.18,2415.15,2402.19
6/7/22,2458.42,3355.61,2442.81,2435.1
6/8/22,2426.49,3329.15,2398.58,2406.9
6/9/22,2374.01,3239.09,2346.42,2346.64
6/10/22,2323.69,3115.96,2283.45,2272.03
6/13/22,2245.42,2972.97,2176.92,2155.54
6/14/22,2228.18,2973.65,2168,2146.19
6/15/22,2240.46,3048.39,2189.53,2187.77
6/16/22,2181.01,2927.22,2086.11,2081.53
6/17/22,2170.2,2960.94,2098.22,2118.89
6/21/22,2222.88,3034.2,2129.17,2149.87
6/22/22,2217.8,3035.16,2119.51,2150.77
6/23/22,2223.61,3091.42,2122.19,2212.66
6/24/22,2280.67,3202.57,2195.8,2289.82
6/27/22,2286.38,3173.73,2205.91,2285.35
6/28/22,2265.92,3072.26,2181.14,2232.27
6/29/22,2257.08,3078.49,2155.88,2211.89
6/30/22,2245.29,3037.47,2139.99,2182.03
7/1/22,2271.09,3069.59,2169.48,2210.14
7/5/22,2244.96,3121.93,2157.37,2251.68
7/6/22,2247.21,3137.54,2141.5,2236.08
7/7/22,2270.24,3201.98,2182.24,2302.15
7/8/22,2266.58,3201.33,2174.05,2296.46
7/11/22,2254.3,3141.88,2151.44,2242.87
7/12/22,2241.95,3100.02,2151.91,2222.85
7/13/22,2227.55,3091.93,2143.97,2223.18
7/14/22,2208.17,3096.04,2117.01,2200.62
7/15/22,2253.18,3153.62,2158.99,2246.3
7/18/22,2235.62,3126.93,2162.1,2234.16
7/19/22,2286.84,3226.62,2231.61,2311.48
7/20/22,2281.44,3276.78,2251.38,2365.16
7/21/22,2289.89,3329.08,2257.72,2391.47
7/22/22,2285.5,3269.38,2241.83,2345.53
7/25/22,2303.05,3251.78,2263.12,2341.59
7/26/22,2293.55,3185.6,2249.69,2311.65
7/27/22,2320.31,3316.65,2287.64,2375.81
7/28/22,2340.7,3367.95,2321.63,2416.06
7/29/22,2358.17,3435.2,2347.14,2436.8
8/1/22,2349.95,3429.67,2345.32,2434.66
8/2/22,2331.3,3417.27,2319.21,2443.62
8/3/22,2347.84,3502.98,2336.2,2491.27
8/4/22,2333.09,3519.57,2319.46,2492.06
8/5/22,2339.23,3501.84,2331.02,2517.24
8/8/22,2341.78,3492.73,2349.11,2541.62
8/9/22,2345.52,3454.6,2333.81,2486.83
8/10/22,2379.19,3557.58,2385.09,2573.99
8/11/22,2389.39,3535.13,2407.26,2564.39
8/12/22,2423.87,3606.25,2443.43,2616.28
8/15/22,2427.15,3629.33,2444.69,2624.07
8/16/22,2437.81,3625.94,2462.46,2618.3
8/17/22,2424.45,3589.4,2432.15,2567.06
8/18/22,2431.96,3592.74,2448.85,2579.5
8/19/22,2415.8,3521.95,2410.26,2514.94
8/22/22,2375.37,3431.4,2360.25,2460.2
8/23/22,2371.17,3422.63,2362.08,2461.16
8/24/22,2378.29,3434.57,2370.84,2493.56
8/25/22,2406.6,3492.87,2409.66,2531.2
8/26/22,2342.66,3351.64,2343.58,2438.71
8/29/22,2333.83,3318.56,2329.29,2415.88
8/30/22,2307.65,3283.79,2295.07,2386.75
8/31/22,2288.55,3259.89,2278.01,2376.27
9/1/22,2298.59,3260.11,2260.62,2349.73
9/2/22,2279.95,3217.86,2249.96,2330.69
9/6/22,2271.7,3202.94,2231.64,2319.11
9/7/22,2306.07,3272.73,2274.69,2385.99
9/8/22,2323.82,3294.55,2292.09,2418.61
9/9/22,2349.76,3361.81,2332.38,2466.95
9/12/22,2369.29,3404.88,2359.3,2494.79
9/13/22,2288.81,3228.62,2271.66,2390.39
9/14/22,2291.15,3249.18,2267.86,2402.53
9/15/22,2278.68,3194.79,2253.52,2385.6
9/16/22,2263.89,3164.93,2224.63,2337.76
9/19/22,2277.58,3188.2,2253.67,2350.96
9/20/22,2248.3,3156.1,2217.36,2310.98
9/21/22,2212.67,3098.01,2186.27,2276.14
9/22/22,2202.34,3056.05,2144.38,2212
9/23/22,2162.21,3006.39,2093.37,2165.73
9/26/22,2130.99,2986.11,2055.63,2134.82
9/27/22,2122.14,2987.88,2053.72,2151.75
9/28/22,2166.08,3046.36,2107.24,2224.6
9/29/22,2131.09,2966.46,2059.97,2174.63
9/30/22,2103.27,2917.67,2046.55,2160.54
10/3/22,2161.55,2986.47,2106.01,2219.35
10/4/22,2224.52,3086.03,2191.73,2310.07
10/5/22,2217.32,3083.17,2178.62,2299
10/6/22,2188.97,3061,2159.96,2286.62
10/7/22,2145.69,2946.94,2112.74,2208.22
10/10/22,2134.8,2914.26,2109.22,2177.85
10/11/22,2133.45,2875.49,2113.11,2171.14
10/12/22,2124.53,2871.06,2101.77,2162.03
10/13/22,2185.6,2933.12,2154.24,2194.13
10/14/22,2148.37,2842.52,2106.96,2126.01
10/17/22,2188.05,2944.64,2159.68,2200.62
10/18/22,2216.39,2975.17,2191.55,2231.72
10/19/22,2200.13,2954.87,2159.91,2172.96
10/20/22,2182.54,2933.87,2127.81,2150.97
10/21/22,2236.1,2998.77,2170.95,2193.94
10/24/22,2264.96,3028.14,2187.54,2197.99
10/25/22,2288.59,3099.8,2235.89,2270.99
10/26/22,2303.57,3033.49,2240.46,2277.01
10/27/22,2309.82,2989.92,2249.01,2270.3
10/28/22,2359.37,3070.95,2290.42,2315.97
10/31/22,2349.33,3037.26,2289.91,2311.84
11/1/22,2353.77,3007.18,2298.53,2317.04
11/2/22,2317.83,2898.5,2235.51,2229.62
11/3/22,2312.84,2841.87,2226.66,2217.71
11/4/22,2342.04,2877.39,2266.74,2220.83
11/7/22,2362.66,2906.03,2288.83,2229.95
11/8/22,2376.5,2922.05,2290.35,2239.49
11/9/22,2335.76,2847.33,2241.23,2176.56
11/10/22,2418.59,3074.11,2362.59,2338.96
11/11/22,2419.67,3134.86,2375.41,2379.33
11/14/22,2404.12,3096.05,2349.05,2342.33
11/15/22,2413.33,3141.46,2378.2,2391.21
11/16/22,2398.79,3104.33,2342.92,2335.98
11/17/22,2398.39,3081.71,2333.8,2303.56
11/18/22,2418.84,3082.96,2350.45,2312.11
11/21/22,2421.15,3051.71,2349.23,2291.08
11/22/22,2451.3,3095.73,2387.19,2317.57
11/23/22,2457.24,3128.26,2386.73,2334.99
11/25/22,2464.93,3116.03,2398.99,2339.19
11/28/22,2430.66,3063.2,2353.41,2290.97
11/29/22,2439.11,3040.62,2366.67,2294.32
11/30/22,2485.27,3177.63,2413.43,2373.28
12/1/22,2478.67,3183.34,2405.01,2382.66
12/2/22,2478.3,3175.48,2409.1,2391.06
12/5/22,2436.76,3110.73,2345.45,2326.27
12/6/22,2415.07,3046.15,2325.18,2276.01
12/7/22,2415.69,3033.98,2315.31,2271.86
12/8/22,2426.8,3068.03,2322.82,2300.59
12/9/22,2407.05,3047.71,2304.25,2273.11
12/12/22,2441.36,3092.98,2331.35,2308.77
12/13/22,2447.78,3131.15,2340.18,2338.36
12/14/22,2437.46,3107.14,2326.43,2330.04
12/15/22,2392.31,3006.09,2276.92,2265.71
12/16/22,2369.51,2967.19,2255.13,2244.31
12/19/22,2360.88,2920.82,2236.5,2198.69
12/20/22,2365.66,2921.53,2244.54,2211.47
12/21/22,2397.75,2968.59,2283.57,2248.99
12/22/22,2378.14,2904.14,2258.37,2217.26
12/23/22,2395.53,2914.9,2278.4,2217.15
12/27/22,2401.54,2880.75,2281.37,2194.97
12/28/22,2376.15,2842.89,2239.14,2164.24
12/29/22,2402.05,2915.56,2281,2224.52
12/30/22,2396.73,2907.47,2271.13,2221.46
1/3/23,2392.57,2887.45,2263.39,2201.37
1/4/23,2413.38,2905.93,2297.01,2238.16
1/5/23,2396.56,2854.38,2274.85,2209.89
1/6/23,2447.53,2922.49,2330.55,2253.65
1/9/23,2427.9,2945.95,2327.43,2272.07
1/10/23,2439.97,2973.23,2349.09,2307.64
1/11/23,2455.89,3033.78,2378.41,2346.73
1/12/23,2460.39,3049.95,2405.21,2377.01
1/13/23,2465,3070.1,2412.13,2393.63
1/17/23,2450.96,3078.46,2405.07,2398.68
1/18/23,2404.85,3040.87,2368.99,2371.85
1/19/23,2388.06,3014.35,2346.41,2338.15
1/20/23,2415.44,3097.71,2386.12,2386.59
1/23/23,2432.15,3152.99,2409.99,2433.68
1/24/23,2435.03,3143.19,2402.75,2419.03
1/25/23,2440.09,3135.55,2410.45,2418.42
1/26/23,2455.1,3187.5,2432.43,2439.58
1/27/23,2447.95,3216.4,2441.13,2461.72
1/30/23,2428.32,3155.94,2415.88,2420.76
1/31/23,2459.48,3208.63,2474.38,2480.42
2/1/23,2465.92,3270.19,2504.75,2535.12
2/2/23,2466.23,3371.02,2538.66,2587.12
2/3/23,2452.43,3316.8,2522.2,2550.07
2/6/23,2444.78,3286.12,2493.42,2511.36
2/7/23,2461.96,3348.5,2508.64,2540.25
2/8/23,2445.25,3298.6,2476.38,2507.43
2/9/23,2424.38,3267.11,2443.07,2474.65
2/10/23,2448.9,3246.36,2454.06,2460.54
2/13/23,2468.23,3295.34,2481.55,2491.9
2/14/23,2456.84,3313.25,2477.79,2503.71
2/15/23,2456.65,3338.89,2493.38,2539.74
2/16/23,2435.53,3274.76,2475.26,2500.98
2/17/23,2439.99,3247.15,2476.75,2491.09
2/21/23,2400.98,3167.65,2413.12,2420.24
2/22/23,2394.22,3169.61,2416.59,2432.24
2/23/23,2399.18,3195.35,2426.68,2444.4
2/24/23,2387.32,3141.85,2415.37,2411
2/27/23,2386.65,3162.47,2417.41,2420.04
2/28/23,2375.15,3159.2,2413.21,2422.48
3/1/23,2370.78,3133.65,2418.51,2425.12
3/2/23,2382.92,3164.98,2427.06,2441.17
3/3/23,2411.54,3230.24,2454.7,2484.15
3/6/23,2411.15,3233.83,2421.74,2455.16
3/7/23,2370.72,3189.92,2390.6,2425.79
3/8/23,2367.66,3202.36,2391.15,2427.12
3/9/23,2321.32,3143.73,2324.37,2365.63
3/10/23,2291.9,3088.93,2257.85,2292.37
3/13/23,2272.72,3108.89,2200.41,2278.34
3/14/23,2299.37,3176.53,2236.53,2316.95
3/15/23,2268.04,3175.69,2180.81,2283.25
3/16/23,2292.15,3253.62,2210.69,2316.68
3/17/23,2253.4,3235.36,2152.97,2269.78
3/20/23,2285.73,3245.46,2186.92,2293.25
3/21/23,2310.23,3297.33,2228.04,2336.57
3/22/23,2267.27,3248,2169.77,2276.31
3/23/23,2256.83,3280.2,2150.85,2279.24
3/24/23,2275.45,3288.71,2173.3,2286.66
3/27/23,2294.98,3273.39,2198.68,2306.58
3/28/23,2296.88,3260.36,2207.84,2302.45
3/29/23,2324.07,3315.43,2231.04,2340.41
3/30/23,2331.86,3342.38,2233.09,2346.38
3/31/23,2357.46,3403.27,2272.57,2398.09
4/3/23,2376.16,3399.92,2272.44,2394.58
4/4/23,2355.69,3389.69,2228.52,2364.26
4/5/23,2368.72,3352.98,2216.31,2332.68
4/6/23,2369.94,3374.92,2214.99,2337.7
4/10/23,2377.41,3371.3,2239.41,2363.43
4/11/23,2388.1,3357.3,2258.82,2383.52
4/12/23,2383.31,3336.63,2243.55,2367.04
4/13/23,2397.72,3404.03,2258.7,2398.9
4/14/23,2394.66,3394.23,2243.59,2384.68
4/17/23,2406.55,3400.35,2265.31,2402.46
4/18/23,2408.08,3404.32,2261.17,2402.75
4/19/23,2404.92,3407.68,2269.37,2401.28
4/20/23,2391.08,3385.92,2257.44,2387.66
4/21/23,2391.35,3390.74,2251.6,2399.41
4/24/23,2398.63,3385,2250.41,2394.08
4/25/23,2371.78,3314.68,2202.61,2337.36
4/26/23,2341.82,3331.48,2182.71,2320.18
4/27/23,2374.87,3412.23,2222.7,2344.05
4/28/23,2395.29,3437.89,2246.79,2364.32
5/1/23,2397.34,3432.86,2243.34,2371.11
5/2/23,2362.28,3402.35,2200.62,2330.37
5/3/23,2342.47,3384.47,2192.87,2339.12
5/4/23,2321.76,3368.45,2153.84,2315.19
5/5/23,2358.03,3438.66,2205.49,2362.22
5/8/23,2355.77,3447.6,2198.69,2364.62
5/9/23,2346.47,3431.49,2190.15,2359.45
5/10/23,2342.3,3467.65,2189.94,2373.19
5/11/23,2331.5,3470.07,2177.22,2357.33
5/12/23,2330.29,3458.9,2177.52,2350.27
5/15/23,2337.47,3470.91,2197.22,2384.77
5/16/23,2307.88,3465.67,2163.68,2346.19
5/17/23,2335.19,3507.98,2210.57,2380.79
5/18/23,2341.27,3563.42,2230,2401.1
5/19/23,2341.32,3552.9,2209.4,2387.15
5/22/23,2337.11,3562.33,2223.46,2414.77
5/23/23,2323.02,3505.91,2210.29,2387.1
5/24/23,2301.31,3488.74,2183.65,2362.75
5/25/23,2291.32,3554.41,2179.01,2348.54
5/26/23,2308.15,3621.6,2200.14,2374.06
5/30/23,2300.78,3632.64,2195.77,2375.82
5/31/23,2290.71,3608.91,2163.48,2362.36
6/1/23,2304.81,3656.19,2179.48,2389.41
6/2/23,2350.77,3694.19,2261.41,2445.49
6/5/23,2343.15,3691.44,2233.96,2429.77
6/6/23,2351.05,3697.3,2285.82,2468.74
6/7/23,2370.65,3640.73,2332.81,2482.45
6/8/23,2375.46,3677.66,2321.13,2479.16
6/9/23,2373.59,3687.86,2307.14,2462.99
6/12/23,2381.67,3742.03,2313.87,2490.12
6/13/23,2398.69,3767.82,2341.78,2523.44
6/14/23,2388.94,3786.7,2320.95,2504.57
6/15/23,2416.84,3836.98,2343.91,2526.23
6/16/23,2415.33,3811.99,2335.09,2509.5
6/20/23,2395.21,3804.61,2316.91,2497.16
6/21/23,2395.57,3765.85,2315.15,2483.12
6/22/23,2386.91,3803.01,2293.91,2474.36
6/23/23,2369.07,3773.37,2265.37,2439.73
6/26/23,2377.43,3731.35,2287.09,2439.67
6/27/23,2393.45,3790.03,2323.97,2482.99
6/28/23,2386.55,3799.16,2324.61,2497.1
6/29/23,2404.88,3803.51,2354.52,2519.27
6/30/23,2425.94,3860.43,2363.43,2541.78
7/3/23,2434.75,3858.45,2378.19,2540.92
7/5/23,2423.7,3859.58,2352.89,2521.29
7/6/23,2399.47,3833.15,2325.22,2483.47
7/7/23,2395.6,3819.66,2350.26,2504.04
7/10/23,2409.11,3820.13,2375.39,2554.9
7/11/23,2432.31,3840.97,2404.13,2585.04
7/12/23,2436.97,3885.38,2420.32,2610.02
7/13/23,2443.2,3940.99,2434.55,2631.96
7/14/23,2434.5,3944.84,2408.58,2604.72
7/17/23,2436.58,3972.15,2423.67,2626.34
7/18/23,2453.08,4002.59,2454.64,2638.65
7/19/23,2467.25,4001.08,2472.26,2644.1
7/20/23,2488.24,3921.9,2463.92,2608.99
7/21/23,2495.84,3914.64,2452.2,2610.38
7/24/23,2507.85,3926.15,2464.3,2600.49
7/25/23,2505.24,3949.61,2463.06,2608.86
7/26/23,2507.9,3945.3,2480.49,2616.72
7/27/23,2491.84,3918.21,2452.99,2579.61
7/28/23,2499.99,3981.07,2476.24,2619.02
7/31/23,2504.8,3988.17,2489.9,2649.68
8/1/23,2499.32,3975.37,2484.78,2633.73
8/2/23,2483.9,3892.58,2461.86,2579.42
8/3/23,2477.24,3883.24,2453.37,2572.56
8/4/23,2464.64,3860.84,2453.54,2562.76
8/7/23,2490.26,3889.68,2473.2,2564.83
8/8/23,2479.01,3872.35,2456.84,2541.02
8/9/23,2470.51,3831.63,2443,2522.23
8/10/23,2467.01,3838.37,2433.86,2519.93
8/11/23,2476.58,3817.17,2435.96,2522.14
8/14/23,2474.58,3860.02,2428.31,2533.57
8/15/23,2441.26,3821.67,2391.84,2505.72
8/16/23,2427.59,3787.66,2371.24,2471.32
8/17/23,2416.91,3746.6,2349.13,2428.23
8/18/23,2421.2,3741.97,2356.14,2440.36
8/21/23,2417.75,3793.75,2348.5,2449.39
8/22/23,2403.38,3793.86,2332.01,2449.58
8/23/23,2418.68,3851.1,2355.37,2481.17
8/24/23,2401.38,3777.74,2339.63,2436.14
8/25/23,2413.37,3808.99,2344.38,2455.8
8/28/23,2425.68,3835.96,2367.47,2470.2
8/29/23,2446.29,3911.81,2395.46,2518.81
8/30/23,2449.96,3935.43,2401.09,2537.05
8/31/23,2438.94,3940.7,2400.13,2538.26
9/1/23,2446.11,3945.54,2425.29,2561.86
9/5/23,2423.15,3949.04,2368.55,2520.55
9/6/23,2416.5,3908.98,2356.71,2518.81
9/7/23,2416.61,3887.95,2335.69,2498.74
9/8/23,2422.19,3891.84,2338.26,2484.33
9/11/23,2428.32,3933.46,2338.47,2492.75
9/12/23,2430.02,3890.51,2342.74,2485.36
9/13/23,2427.09,3901.69,2325.29,2466.35
9/14/23,2453.41,3924.37,2358.62,2487.82
9/15/23,2436.05,3860.86,2340.03,2459.2
9/18/23,2437.3,3862.96,2333.58,2447.51
9/19/23,2430.88,3855.84,2329.12,2434.86
9/20/23,2424.48,3798.17,2317.69,2413.29
9/21/23,2393.1,3722.65,2280.66,2359.11
9/22/23,2385,3719.11,2271.43,2355.41
9/25/23,2391.97,3737.21,2282.53,2361.82
9/26/23,2361.88,3676.15,2248.08,2330.67
9/27/23,2359.75,3682.11,2262.23,2354.23
9/28/23,2369.1,3709.97,2285.23,2376.66
9/29/23,2354.13,3712.69,2277.54,2369.53
10/2/23,2331.08,3743.47,2242.11,2344.79
10/3/23,2310.31,3674.56,2204.5,2298.35
10/4/23,2313.15,3726.26,2215.67,2309.13
10/5/23,2305.41,3726.9,2214.39,2305.88
10/6/23,2320.37,3791.34,2227.4,2333.24
10/9/23,2340.74,3807.84,2247.43,2346.13
10/10/23,2354.5,3826.51,2265.99,2380.57
10/11/23,2353.65,3857.41,2275.48,2380.74
10/12/23,2335.28,3837.7,2235.03,2323.58
10/13/23,2340.64,3793.86,2218.62,2307.26
10/16/23,2363.35,3838.01,2255.33,2346.35
10/17/23,2370.12,3827.74,2281.5,2372.91
10/18/23,2345.26,3766.17,2234.97,2315.08
10/19/23,2323.81,3735.96,2202.43,2280.42
10/20/23,2300.59,3680.49,2176.5,2249.68
10/23/23,2283.29,3692.15,2156.69,2231.11
10/24/23,2298.32,3722.2,2167.05,2255.84
10/25/23,2285.04,3639.23,2141.85,2196.47
10/26/23,2278.37,3566.96,2157.56,2193.42
10/27/23,2246.15,3579.33,2128.75,2170.25
10/30/23,2269.54,3627.61,2147.55,2180.91
10/31/23,2287.63,3647.38,2164.32,2201.06
11/1/23,2298.05,3703.74,2179.18,2207
11/2/23,2340.6,3775.93,2232.03,2253.86
11/3/23,2360.25,3816.51,2280.58,2310.03
11/6/23,2353.21,3836.5,2256.01,2283.56
11/7/23,2344.21,3873.93,2242.76,2292.71
11/8/23,2337.91,3889.6,2230,2275.67
11/9/23,2318.78,3857.75,2204.14,2240.97
11/10/23,2343.27,3933.26,2228.21,2266.28
11/13/23,2341.41,3930.87,2223.45,2265.95
11/14/23,2382.91,4010.85,2320.43,2371.02
11/15/23,2393.46,4007.21,2331.29,2379.66
11/16/23,2387.16,4023.87,2303.76,2347.68
11/17/23,2397.53,4020.13,2327.09,2371.32
11/20/23,2404.07,4066.12,2330.24,2393.73
11/21/23,2401.62,4053.89,2311.48,2371.53
11/22/23,2409.57,4073.7,2324.53,2387.87
11/24/23,2418.53,4067.12,2334.59,2401.28
11/27/23,2408.96,4065.78,2332,2396.84
11/28/23,2407.52,4076.72,2321.35,2390.01
11/29/23,2410,4070.29,2333.11,2405.11
11/30/23,2432.11,4068.43,2347.66,2415.12
12/1/23,2453.34,4083.4,2409.36,2487.02
12/4/23,2453.49,4043.04,2429.46,2502.25
12/5/23,2435.91,4062.36,2395.7,2469.98
12/6/23,2431.03,4040.3,2391.62,2463.9
12/7/23,2437.34,4089.68,2409.98,2475.47
12/8/23,2445.88,4109.9,2421.11,2492.83
12/11/23,2468.39,4109.8,2433.48,2503.42
12/12/23,2470.29,4142.1,2426.92,2508.64
12/13/23,2510.12,4190.86,2496.37,2580.16
12/14/23,2533.04,4180.88,2561.81,2641.79
12/15/23,2520.82,4197.85,2537.48,2624.81
12/18/23,2525.39,4227.13,2536.16,2628.34
12/19/23,2542.79,4248.53,2571.25,2673.1
12/20/23,2501.14,4191.67,2529.76,2615.52
12/21/23,2524.54,4238.36,2562.84,2666.6
12/22/23,2534.43,4237.23,2576.77,2682.57
12/26/23,2548.45,4250.92,2597.26,2707.53
12/27/23,2552.3,4258,2598.53,2717.55
12/28/23,2554.35,4258.18,2597.22,2712.12
12/29/23,2549.29,4241.48,2572.55,2675.77
1/2/24,2565.64,4167.79,2567.34,2642.66
1/3/24,2549.23,4128.14,2508.6,2569.28
1/4/24,2545.9,4107.69,2503.52,2568.73
1/5/24,2551.98,4112.79,2513.92,2564.94
1/8/24,2568.95,4200.46,2543.37,2622.47
1/9/24,2554.78,4209.82,2523.49,2607.62
1/10/24,2554.88,4254.72,2529.53,2611.26
1/11/24,2546.38,4262.2,2516.93,2599.33
1/12/24,2546.23,4268.28,2509.51,2592.48
1/16/24,2529.74,4261.62,2484.65,2574.25
1/17/24,2513.45,4240.85,2463.09,2556.03
1/18/24,2520.8,4298.79,2480.8,2575.26
1/19/24,2542.64,4366.01,2505.26,2602.83
1/22/24,2550.65,4373.72,2538.08,2643.13
1/23/24,2558.93,4385.12,2524.79,2640.02
1/24/24,2550.19,4403.41,2511.89,2611.79
1/25/24,2572.31,4411.24,2535.26,2622.87
1/26/24,2574.28,4403.39,2544.79,2623.97
1/29/24,2582.49,4456.13,2567.05,2672.51
1/30/24,2593.63,4433.45,2563.1,2649.88
1/31/24,2569.18,4336.91,2507.42,2598.39
2/1/24,2593.96,4401.14,2532.93,2641.79
2/2/24,2592.58,4491.53,2525.11,2647.03
2/5/24,2574.15,4489.03,2493.39,2616.84
2/6/24,2587.49,4491.68,2504.87,2642.66
2/7/24,2595.57,4549.26,2508.3,2653.16
2/8/24,2595.04,4556.6,2530.27,2694.31
2/9/24,2594.69,4606.14,2546.24,2727.77
2/12/24,2608.49,4576.49,2580.19,2750.5
2/13/24,2574.29,4511.79,2505.06,2673.35
2/14/24,2590.63,4570.19,2542.99,2737.28
2/15/24,2619.22,4575.34,2590.22,2784.52
2/16/24,2612.32,4545.07,2571.19,2753.29
2/20/24,2610.67,4495.33,2555.55,2717.89
2/21/24,2623.47,4483.63,2561.03,2694.68
2/22/24,2644.93,4627.54,2577.58,2741.18
2/23/24,2653.28,4618.86,2585.52,2744.52
2/26/24,2641.6,4605.96,2577.89,2763.93
2/27/24,2645.92,4614.04,2594.79,2792.62
2/28/24,2645.41,4600.12,2587.87,2784.08
2/29/24,2649.06,4637.27,2604.04,2807.04
3/1/24,2664.65,4681.98,2615.23,2838.15
3/4/24,2670.42,4662.26,2617.11,2847.61
3/5/24,2659.03,4586.91,2616.86,2799.71
3/6/24,2675.17,4609.08,2626.56,2826.12
3/7/24,2690.64,4673.37,2646.89,2855.01
3/8/24,2685.22,4624.75,2643.75,2843.75
3/11/24,2695.21,4599.9,2637.8,2817.67
3/12/24,2703.34,4681.37,2642.36,2830
3/13/24,2707.48,4659.35,2652.06,2834.49
3/14/24,2689.6,4660.15,2615.82,2790.24
3/15/24,2688.04,4606.51,2620.52,2785.38
3/18/24,2695.39,4648.73,2615.8,2783.76
3/19/24,2709.46,4675.99,2633.85,2797.34
3/20/24,2729.92,4725,2673.67,2841.54
3/21/24,2751.82,4720.86,2704.35,2870.99
3/22/24,2738.53,4727.12,2676.76,2846.1
3/25/24,2733.78,4709.23,2677.41,2843.79
3/26/24,2731.19,4690.8,2674.02,2841.41
3/27/24,2769.65,4706.34,2728.05,2878.2
3/28/24,2781.1,4698,2741.86,2885.03
4/1/24,2768.49,4698.55,2718.13,2859
4/2/24,2749.44,4663.35,2681.27,2812.28
4/3/24,2749.59,4673.17,2691.73,2824.62
4/4/24,2721.05,4608.26,2665.88,2791.76
4/5/24,2739.81,4677.89,2680.81,2815.51
4/8/24,2739.23,4675.66,2693.47,2830.61
4/9/24,2742.42,4681.67,2699.36,2844.6
4/10/24,2707.74,4652.75,2635.9,2790.75
4/11/24,2704.44,4723.3,2635.45,2801.88
4/12/24,2663.26,4656.33,2594.97,2741.88
4/15/24,2650.09,4569.62,2569.98,2689.96
4/16/24,2639.72,4568.17,2553.43,2681.31
4/17/24,2635.31,4525.32,2538.63,2654.07
4/18/24,2639.09,4501.27,2540.12,2641.56
4/19/24,2657.53,4399.72,2560.31,2629.49
4/22/24,2677.2,4443.7,2582.88,2658.2
4/23/24,2696.82,4517.27,2614.63,2708.87
4/24/24,2697.12,4517.34,2613.86,2705.37
4/25/24,2692.21,4486.75,2596.61,2692.85
4/26/24,2690.62,4575.04,2605.03,2716.25
4/29/24,2702.25,4583.56,2622.3,2731.88
4/30/24,2666.84,4499.48,2574.04,2676.1
5/1/24,2658.41,4485.28,2576.86,2679.64
5/2/24,2672.18,4544.16,2608.41,2717.06
5/3/24,2687.63,4624.56,2630.57,2745.85
5/6/24,2705.9,4688.16,2660.75,2789.01
5/7/24,2714.75,4684.61,2657.09,2791.48
5/8/24,2719.5,4676.35,2660.78,2764.07
5/9/24,2739.71,4689.11,2690.51,2793.25
5/10/24,2748.55,4690.06,2686.2,2780.46
5/13/24,2746.02,4690.79,2689.23,2782.49
5/14/24,2757.1,4716.94,2714.01,2815.42
5/15/24,2779.78,4789.57,2726.47,2849.33
5/16/24,2776.56,4776.24,2708.96,2822.15
5/17/24,2784.16,4776.43,2709.64,2824.81
5/20/24,2770.56,4805.51,2706.57,2841.23
5/21/24,2773.33,4822.32,2703.15,2827.86
5/22/24,2762.77,4813.88,2681.31,2811.93
5/23/24,2726.99,4798.76,2644.09,2768.52
5/24/24,2735.91,4845.79,2666.6,2800.45
5/28/24,2717.73,4872.31,2647.34,2791.24
5/29/24,2687.17,4852.74,2613.72,2756.93
5/30/24,2699.58,4779.96,2645.28,2759.86
5/31/24,2739.4,4784.55,2678.79,2769.83
6/3/24,2723.79,4816.84,2661.32,2753.35
6/4/24,2719.68,4837.23,2624.71,2723.02
6/5/24,2732.78,4924.02,2646.35,2771.4
6/6/24,2729.52,4927.51,2636.43,2758.92
6/7/24,2724.57,4924.42,2615.42,2730.14
6/10/24,2732.82,4938.39,2613.41,2752.29
6/11/24,2717.23,4987.27,2599.3,2747.94
6/12/24,2722.65,5055.58,2631.95,2791.5
6/13/24,2729.53,5064.91,2612.58,2765.43
6/14/24,2720.77,5075.41,2577.15,2728.95
6/17/24,2740.25,5117.47,2598.86,2744.16
6/18/24,2750.22,5124.92,2604.61,2750.49
6/20/24,2755.05,5095.47,2601.04,2735.05
6/21/24,2748.45,5090.09,2604.8,2749.94
6/24/24,2765.44,5038.76,2625.7,2753.63
6/25/24,2742.95,5109.4,2596.77,2743.21
6/26/24,2734.79,5131.44,2591.35,2741.14
6/27/24,2730.96,5147.12,2595.16,2767.16
6/28/24,2739.29,5098.67,2608.97,2768.62
7/1/24,2728.21,5140.75,2581.89,2746.77
7/2/24,2736.87,5183.81,2592.78,2752.65
7/3/24,2740.55,5226.1,2595.61,2764.16
7/5/24,2735.83,5285.87,2573.02,2762.05
7/8/24,2740.28,5287.62,2583.97,2768.51
7/9/24,2739.63,5293.31,2574.29,2745.51
7/10/24,2765.36,5348.67,2605.71,2763.95
7/11/24,2786.99,5235.53,2678.84,2823.94
7/12/24,2802.52,5264.63,2703.38,2858.52
7/15/24,2812.27,5280,2724.46,2890.99
7/16/24,2852.78,5279.71,2801.87,2964.72
7/17/24,2858.22,5135.43,2785.2,2903.75
7/18/24,2836.6,5093.2,2755.31,2853.13
7/19/24,2814.77,5063.35,2736.06,2844.61
7/22/24,2828.34,5143.49,2769.23,2882.27
7/23/24,2817.87,5144.14,2783.96,2889.58
7/24/24,2800.71,4950.39,2733.7,2812.72
7/25/24,2807.92,4893.51,2766.98,2834.01
7/26/24,2845.96,4935.23,2811.43,2884.13
7/29/24,2841.58,4948.31,2804.18,2873.09
7/30/24,2848.65,4891.54,2820.49,2868.66
7/31/24,2864.54,5010.05,2829.31,2892.77
8/1/24,2833.74,4928.01,2768.96,2823.59
8/2/24,2791.7,4826.18,2688.31,2734.86
8/5/24,2726.54,4655.45,2610.73,2660.28
8/6/24,2747.98,4714.37,2637.18,2692.76
8/7/24,2732.32,4669.12,2613.59,2661.13
8/8/24,2779.37,4803.54,2667.01,2734.7
8/9/24,2783.41,4841.57,2670.05,2732.44
8/12/24,2772.47,4857.16,2644.88,2714.69
8/13/24,2799.51,4968.45,2682.57,2764.4
8/14/24,2816.21,4980.23,2681.52,2756.42
8/15/24,2847.71,5079.51,2730.83,2818.18
8/16/24,2855.65,5087.23,2737.19,2817.96
8/19/24,2874.52,5149.36,2759.48,2851.16
8/20/24,2865.13,5144.25,2733.93,2823.36
8/21/24,2875.9,5169.76,2763.66,2866.4
8/22/24,2871.45,5091.41,2749.91,2839.39
8/23/24,2903.17,5152.14,2819.92,2904.94
8/26/24,2905.16,5119.33,2815.36,2894.52
8/27/24,2906.02,5134.48,2805.11,2885.42
8/28/24,2902.97,5081.4,2797.85,2856.19
8/29/24,2912.31,5069.72,2809.12,2876.52
8/30/24,2940.84,5120.41,2829.81,2890.44
9/3/24,2908.1,4966.82,2765.91,2802.86
9/4/24,2908.04,4952.52,2758.02,2798.72
9/5/24,2883.77,4957.73,2741.51,2785.8
9/6/24,2846.47,4854.62,2702.05,2738.42
9/9/24,2876.38,4915.57,2709.49,2758.32
9/10/24,2879.44,4952.07,2701,2758.04
9/11/24,2877.79,5052.12,2702.06,2791.77
9/12/24,2892.42,5099.42,2728.45,2821.7
9/13/24,2913.11,5119.32,2783.06,2870.25
9/16/24,2934.99,5099.27,2804.34,2885.05
9/17/24,2933.62,5101.87,2817.64,2904.05
9/18/24,2927.37,5084.02,2821.28,2902.53
9/19/24,2953.22,5206.75,2868.86,2955.84
9/20/24,2950.81,5191.98,2844.15,2942.8
9/23/24,2960.86,5203.1,2852.97,2950.8
9/24/24,2961.82,5223.95,2855.94,2959.13
9/25/24,2943.86,5230.81,2828.64,2929.08
9/26/24,2959.83,5244.68,2854.44,2946.6
9/27/24,2970.45,5217.25,2865,2961.03
9/30/24,2980.98,5240.95,2869.33,2959.53
10/1/24,2971.8,5167.61,2840.87,2926.38
10/2/24,2969.73,5173.21,2832.54,2935.53
10/3/24,2956.86,5174.81,2819.74,2923.37
10/4/24,2979.07,5230.58,2849.51,2964.1
10/7/24,2956.66,5171.85,2828.9,2934.81
10/8/24,2960.6,5256.05,2825.58,2950.77
10/9/24,2986.4,5289.12,2839.33,2968.18
10/10/24,2975.93,5286.24,2824.61,2957.69
10/11/24,3006.4,5304.61,2867.8,3008.53
10/14/24,3024.64,5350.36,2886.23,3024.17
10/15/24,3009.08,5300.24,2888.73,3007.68
10/16/24,3031.95,5311.53,2923.92,3028.54
10/17/24,3028.04,5315.61,2925.45,3018.04
10/18/24,3030.73,5350.43,2927.09,3026.71
10/21/24,3002.44,5371.05,2881.64,3001.2
10/22/24,2997.54,5372.27,2866.69,2983.66
10/23/24,2990.73,5293.62,2854.8,2958.49
10/24/24,2980.61,5330.65,2860.55,2972.47
10/25/24,2960.01,5355.32,2837.63,2972.13
10/28/24,2974.53,5360.37,2872.64,3002.94
10/29/24,2955.58,5404.99,2867.23,3007.33
10/30/24,2952.99,5375.33,2875.46,2995.71
10/31/24,2935.51,5226.02,2836.58,2950.87
11/1/24,2934.61,5265.93,2836.46,2966.71
11/4/24,2926.83,5249.76,2846.07,2975
11/5/24,2958.32,5321.85,2887.78,3028.72
11/6/24,3037.34,5455.61,3017.58,3142.29
11/7/24,3027.82,5544.88,3008.63,3165.13
11/8/24,3044.09,5560.7,3019.01,3207.9
11/11/24,3051.71,5569.52,3050.29,3252.15
11/12/24,3027.58,5575.61,3012.34,3215.46
11/13/24,3031.49,5569.42,2999.88,3196.56
11/14/24,3010.76,5536.32,2972.43,3149.97
11/15/24,2998.87,5424.2,2951.38,3100.4
11/18/24,3010.81,5448.44,2955.13,3120.62
11/19/24,2999.99,5506.42,2951.36,3160.98
11/20/24,3005.16,5500.81,2959.93,3184.94
11/21/24,3041.83,5506.51,3008.69,3233.9
11/22/24,3065.29,5514.51,3049.29,3291.26
11/25/24,3083.76,5518.15,3094.73,3333.8
11/26/24,3086.12,5567.68,3078.44,3317.7
11/27/24,3084.62,5531.85,3073.43,3316.09
11/29/24,3091.32,5575.9,3076.39,3330.15
12/2/24,3072.67,5627.61,3069.08,3326.05
12/3/24,3057.33,5655.22,3051.18,3332.16
12/4/24,3046.72,5741.41,3053.61,3361.44
12/5/24,3039.07,5729.86,3031.02,3319.7
12/6/24,3031.53,5771.96,3028.05,3344.25
12/9/24,3011.87,5728.37,3017.28,3301.79
12/10/24,2991.03,5723.06,2998.52,3267.13
12/11/24,2982.5,5818.94,3010.08,3298.26
12/12/24,2968.05,5783.44,2990.2,3273.62
12/13/24,2974.68,5776.1,2973.16,3259.83
12/16/24,2962.17,5834.29,2969.35,3287.22
12/17/24,2943.88,5818.56,2932.95,3253.92
12/18/24,2869.44,5621.92,2822,3110.06
12/19/24,2859.01,5628.76,2810.34,3100.83
12/20/24,2892.78,5688.14,2839.03,3137.18
12/23/24,2901.85,5741.62,2842.96,3134.82
12/24/24,2926.55,5817.43,2864.11,3164.87
12/26/24,2931.71,5805.23,2874.48,3180.33
12/27/24,2913.71,5718.65,2845.73,3136.04
12/30/24,2884.75,5652.55,2826.2,3103.56
12/31/24,2890.48,5599.64,2833.19,3097.79
1/2/25,2885.89,5588.78,2822.04,3105.03
1/3/25,2908.16,5683.15,2851.48,3167.29
1/6/25,2902.55,5747.57,2850.97,3178.67
1/7/25,2900.72,5635.76,2836.24,3144.37
1/8/25,2904.83,5647.2,2835.57,3140.96
1/10/25,2862.33,5557.25,2788.96,3096.54
1/13/25,2887.57,5533.53,2814.49,3105.36
1/14/25,2910.91,5511.1,2854.96,3128.3
1/15/25,2942.44,5644.94,2894.33,3175.28
1/16/25,2961.4,5600.53,2910.13,3196.94
1/17/25,2980.07,5673.68,2922.93,3207.99
1/21/25,3016.51,5708.49,2968.34,3265.73
1/22/25,3001.92,5793.93,2947.44,3258.55
1/23/25,3024.29,5815.88,2950.84,3278.9
1/24/25,3023.45,5787.26,2951.78,3266.62
1/27/25,3027.39,5632.36,2942.91,3202.64
1/28/25,3005.57,5760.75,2938.12,3236.19
1/29/25,2999.53,5724.53,2928.79,3217.74
1/30/25,3030.79,5730.56,2960.72,3259.93
1/31/25,3013.06,5708.05,2933.55,3228.1
2/3/25,3003.02,5650.45,2891.69,3197.69
2/4/25,3003.24,5720.5,2912.97,3224.97
2/5/25,3026.9,5733.74,2928.32,3261.59
2/6/25,3022.98,5775.54,2930.42,3246.56
2/7/25,3002.59,5712.9,2902.58,3210.96
2/10/25,3013.65,5767.22,2903.1,3222.97
2/11/25,3024.22,5750.45,2905.01,3182.56
2/12/25,3007.49,5748.82,2874.26,3173.32
2/13/25,3028.91,5821.27,2905.71,3212.57
2/14/25,3021.08,5831.56,2904.53,3216.6
2/18/25,3037.45,5831.01,2920.98,3242.23
2/19/25,3050.57,5831.48,2908.63,3220.71
2/20/25,3037.73,5800.28,2884.72,3185.92
2/21/25,3002.08,5672.54,2819.48,3086.23
2/24/25,3004.45,5615.27,2815.7,3066.83
2/25/25,3011.74,5553.28,2823.66,3035.33
2/26/25,3000.28,5573.18,2822.48,3051.67
2/27/25,2990.22,5432.19,2794.14,2991.81
2/28/25,3031.34,5531.72,2819.45,3024.74
3/3/25,3003.19,5397.62,2758.71,2937.92
3/4/25,2942.9,5366.12,2706.93,2913.02
3/5/25,2965.8,5442.34,2736.78,2955.67
3/6/25,2942.35,5289.2,2704.71,2874.58
3/7/25,2967.89,5300.14,2725.66,2884.16
3/10/25,2930.47,5084.81,2669.85,2791.01
3/11/25,2894.7,5073.09,2651.98,2791.1
3/12/25,2881.78,5139.24,2643.38,2805.59
3/13/25,2866.08,5028.74,2605.5,2740.59
3/14/25,2912.61,5159.55,2666.34,2819.63
3/17/25,2947.75,5172.8,2701.27,2861.88
3/18/25,2934.8,5088.2,2686.47,2823.49
3/19/25,2952.36,5167.92,2715.45,2873.6
3/20/25,2947.46,5155.1,2697.08,2855.23
3/21/25,2933.61,5185.02,2679.68,2853.55
3/24/25,2966.65,5307.85,2738.65,2936.77
3/25/25,2956.17,5338.09,2726.41,2928.67
3/26/25,2960.12,5221.51,2718.98,2885.31
3/27/25,2953.74,5193.34,2705.67,2862.95
3/28/25,2919.97,5055.99,2658.34,2800.11
3/31/25,2950.36,5061.47,2665.54,2786.26
4/1/25,2943.86,5107.87,2673.97,2798.21
4/2/25,2960.58,5149.87,2715.1,2845.6
4/3/25,2850.13,4852.89,2532.68,2656.17
4/4/25,2678.94,4557.71,2419.75,2513.19
4/7/25,2659.44,4565.37,2387.94,2503.09
4/8/25,2625.39,4485.04,2330.48,2432.93
4/9/25,2797.47,5024.26,2529.99,2687.77
4/10/25,2723.24,4818.93,2421.7,2573.08
4/11/25,2764.27,4917.28,2453.02,2614.02
4/14/25,2795.87,4943.27,2483.65,2638.71
4/15/25,2786.41,4945.81,2478.13,2638.33
4/16/25,2753.33,4797.34,2454.02,2600.63
4/17/25,2760.25,4802.4,2478,2618.4
4/21/25,2708.3,4668.89,2427.76,2547.05
4/22/25,2768.98,4798.77,2492.14,2611.56
4/23/25,2787.96,4919.3,2521.45,2661.68
4/24/25,2815.71,5064.22,2570.77,2726.49
4/25/25,2810.67,5139.78,2561.07,2732.41
4/28/25,2820.61,5133.48,2573.87,2740.25
4/29/25,2835.84,5167.9,2584.58,2756.39
4/30/25,2842.01,5172.48,2575.63,2746.41
5/1/25,2832.92,5239.94,2579.45,2763.87
5/2/25,2876.6,5314.76,2632.98,2831.23
5/5/25,2859.18,5281.87,2618.23,2824.1
5/6/25,2840.38,5235.2,2603.09,2793.68
5/7/25,2858.45,5250.02,2611.21,2805.7
5/8/25,2869.55,5290.99,2653.21,2848.58
5/9/25,2865.17,5290.61,2655.43,2842.78
5/12/25,2923.18,5509.05,2752.71,2951.35
5/13/25,2909.8,5601.56,2762.91,2971.65
5/14/25,2888.05,5641.93,2740.33,2967.45
5/15/25,2920.18,5634.87,2753.11,2964.96
5/16/25,2948.61,5663.98,2777.06,3000.94
5/19/25,2952.15,5668.88,2767.89,2986.65
5/20/25,2946.52,5639.48,2759.5,2983.39
5/21/25,2893.11,5555.44,2683.06,2901.8
5/22/25,2881.07,5571.17,2680.89,2900.51
5/23/25,2877.19,5512.49,2670.39,2889.9
5/27/25,2921.42,5645.48,2733.32,2949.36
5/28/25,2899.71,5623.52,2701.63,2921.53
5/29/25,2913.12,5640.54,2711.3,2924.02
5/30/25,2918.28,5638.16,2697.12,2920.2
6/2/25,2921.48,5675.84,2686.07,2926.6
6/3/25,2935.77,5714.1,2720.43,2966.77
6/4/25,2921.2,5736.82,2707.28,2979.11
6/5/25,2914.99,5696.01,2703.31,2973.61
6/6/25,2942.77,5755.68,2735.71,3004.06
6/9/25,2943.68,5758.8,2746.12,3011.97
6/10/25,2958.25,5789.24,2758,3019.7
6/11/25,2954.19,5770.19,2746.28,3008.92
6/12/25,2971.78,5781.35,2743.82,3003.34
6/13/25,2946.91,5703.9,2699.09,2953.96
6/16/25,2960.36,5776.91,2728.02,2991.85
6/17/25,2935.58,5729.95,2700.37,2967.5
6/18/25,2940.55,5720.9,2711.74,2985.38
6/20/25,2945.66,5691.29,2716.38,2983.49
6/23/25,2966.75,5755.18,2746.29,3002.19
6/24/25,2988.36,5838.71,2771.29,3043.69
6/25/25,2971.19,5860.43,2746.2,3007.88
6/26/25,2992.05,5910.69,2785.08,3048.72
6/27/25,3002,5947.89,2790.34,3052.94
6/30/25,3018.16,5983.88,2789.04,3063.6